-- =========================================
-- PROJECT: E-Commerce Sales Analysis
-- DATABASE: PostgreSQL
-- =========================================

CREATE DATABASE ecommerce_project;

-- =========================================
-- CUSTOMERS TABLE
-- =========================================


CREATE TABLE customers (
    customer_id INT PRIMARY KEY,
    customer_name VARCHAR(50),
    city VARCHAR(30)
);

INSERT INTO customers (customer_id,customer_name,city)
VALUES(1, 'Rahul', 'Delhi'),
		(2, 'Priya', 'Mumbai'),
		(3, 'Amit', 'Jaipur'),
		(4, 'Sneha', 'Delhi'),
		(5, 'Karan', 'Pune');

-- =========================================
-- PRODUCTS TABLE
-- =========================================


CREATE TABLE products (
    product_id INT PRIMARY KEY,
    product_name VARCHAR(50),
    category VARCHAR(30),
    price DECIMAL(10,2)
);

INSERT INTO products ( product_id, product_name, category, price)
VALUES(101, 'Laptop', 'Electronics', 60000),
		(102, 'Phone', 'Electronics', 30000),
		(103, 'Shoes', 'Fashion', 4000),
		(104, 'Watch', 'Accessories', 7000),
		(105, 'Headphones', 'Electronics', 2500);

-- =========================================
-- ORDERS TABLE
-- =========================================

CREATE TABLE orders (
    order_id INT PRIMARY KEY,
    customer_id INT,
    order_date DATE,
    
	FOREIGN KEY(customer_id)  
	REFERENCES customers(customer_id)
);

INSERT INTO orders (order_id,customer_id,order_date)
VALUES(1001, 1, '2025-01-05'),
		(1002, 2, '2025-01-10'),
		(1003, 1, '2025-01-15'),
		(1004, 3, '2025-01-18'),
		(1005, 4, '2025-01-20');

-- =========================================
-- ORDER DETAILS TABLE
-- =========================================

CREATE TABLE order_details (
    order_detail_id INT PRIMARY KEY,
    order_id INT,
    product_id INT,
    quantity INT,

    FOREIGN KEY (order_id)
    REFERENCES orders(order_id),

    FOREIGN KEY (product_id)
    REFERENCES products(product_id)
);

INSERT INTO order_details ( order_detail_id, order_id, product_id, quantity)
VALUES(1, 1001, 101, 1),
	(2, 1001, 105, 2),
	(3, 1002, 102, 1),
	(4, 1003, 103, 3),
	(5, 1004, 104, 1),
	(6, 1005, 101, 1);

-- =========================================
-- CHECK TABLE DATA
-- =========================================

SELECT * FROM customers;

SELECT * FROM products;

SELECT * FROM orders;

SELECT * FROM order_details;

-- =========================================
-- ER DIAGRAM
-- =========================================

/*

customers → orders → order_details → products

*/

-- =========================================
-- SQL CONCEPTS WHICH COVERED 
-- =========================================

/*

- JOIN
- GROUP BY
- HAVING
- CTE
- Subqueries
- Correlated Subqueries
- Window Functions
- RANK()
- DENSE_RANK()
- ROW_NUMBER()
- LAG()
- LEAD()
- CASE WHEN
- COALESCE()
- COUNT DISTINCT
- Date Functions
- Revenue Analysis
- Product Analysis
- Customer Analysis

*/

--q1)Find the total revenue generated by each product.
WITH revenue_cte AS(
	 SELECT
	    product_id ,
	   SUM(quantity ) AS real_quantity
	 FROM 
	    order_details 
	GROUP BY product_id 
)		
SELECT		
		p.product_name,
		(p.price)*(rc.real_quantity) AS total_revenue 
	FROM 
		products p
	JOIN
		revenue_cte rc
	ON p.product_id = rc.product_id
ORDER BY total_revenue DESC; 

--q2)Find the customer who generated the highest total revenue.
WITH rev_cte AS(
SELECT 
	c.customer_name ,
	c.customer_id ,
	p.price ,
	od.quantity
FROM 
   customers c
JOIN 
	orders o
ON c.customer_id = o.customer_id
JOIN 
    order_details od
ON od.order_id = o.order_id 
JOIN 
	products p
ON od.product_id = p.product_id 
  
),

  rank_cte AS(
SELECT 
   rc.customer_id,
   rc.customer_name,
   SUM(rc.price * rc.quantity) AS total_revenue,
   DENSE_RANK()OVER(ORDER BY(SUM(rc.price * rc.quantity)) DESC) AS ranking
FROM 
   rev_cte rc
GROUP BY rc.customer_name, rc.customer_id

)
SELECT * FROM rank_cte 
WHERE ranking =1 ;
	  	
	
--Q3)Find customers who placed more than 1 order.
SELECT 
		  c.customer_id ,
		  c.customer_name,
	      COUNT(o.order_id) AS total_orders 
FROM
	customers c
JOIN 
	orders o 
ON o.customer_id = c.customer_id 
GROUP BY c.customer_id , c.customer_name
HAVING COUNT(o.order_id)> 1;

--q4)Find total revenue generated by each product category.
SELECT 
      p.category,
	  SUM(od.quantity *p.price ) AS total_revenue
FROM 
	products p
JOIN
	order_details od
ON p.product_id = od.product_id
GROUP BY p.category
ORDER BY total_revenue DESC;

--q5)Find customers who purchased products from more than 1 category.
SELECT 
	c.customer_name,
	COUNT(DISTINCT(p.category)) AS distinct_category
FROM 
 	customers c
JOIN 
	orders o
ON o.customer_id = c.customer_id 
JOIN 
   order_details od
ON od.order_id = o.order_id 
JOIN 
	products p
ON p.product_id = od.product_id 
GROUP BY c.customer_name 
HAVING COUNT(DISTINCT(p.category)) > 1;

--q6)Rank product categories based on total revenue generated.
SELECT 
		p.category,
		SUM(p.price * od.quantity) AS total_revenue ,
		DENSE_RANK() OVER (ORDER BY (SUM(p.price * od.quantity)) DESC)  AS ranking
FROM 
	products p
JOIN 
	order_details od 
ON p.product_id = od.product_id 
GROUP BY p.category;

--q8)Find customers whose total spending is greater than the average spending of all customers.
WITH total_spend AS (
SELECT
	c.customer_id,
	c.customer_name ,
	SUM(p.price * od.quantity) AS total_spending 
FROM 
	customers c
JOIN 
	orders o
ON c.customer_id = o.customer_id 
JOIN
	order_details od
ON od.order_id = o.order_id 
JOIN
 	products p
ON p.product_id = od.product_id 
GROUP BY c.customer_id,c.customer_name 
)
SELECT 
     t.customer_name ,
	 t.total_spending
FROM 
	total_spend t
WHERE 
t.total_spending >(
	SELECT 
	(AVG(t.total_spending)) 
	FROM total_spend t
)
ORDER BY t.total_spending DESC;

--q8)For each customer, show their most expensive purchased product.
WITH rank_cte AS (
SELECT 
		c.customer_id,
		c.customer_name ,
		p.product_name ,
		p.price ,
		DENSE_RANK() OVER(PARTITION BY c.customer_name,c.customer_id  ORDER BY p.price DESC) AS ranking 
FROM 
	customers c
JOIN 
	orders o
ON c.customer_id = o.customer_id 
JOIN
	order_details od
ON od.order_id = o.order_id 
JOIN
 	products p
ON p.product_id = od.product_id 
)
SELECT 
	r.customer_name ,
	r.product_name ,
	r.price 
FROM 
	rank_cte r
WHERE r.ranking = 1
ORDER BY r.price DESC;

--q9)Show each customer’s first order date and latest order date.
SELECT
	c.customer_id,
	c.customer_name,
	MIN(o.order_date ) AS first_order,
	MAX(o.order_date) AS latest_order
FROM	
	customers c
JOIN
	orders o
ON o.customer_id = c.customer_id
GROUP BY c.customer_id,c.customer_name
ORDER BY c.customer_id ASC;

--q10)Find customers whose total spending is higher than every customer from Delhi.
WITH spend_cte AS(
SELECT 
	c.customer_id,
	c.customer_name ,
	c.city,
	SUM(p.price*od.quantity)AS total_spending
FROM
	customers c
JOIN 
	orders o
ON o.customer_id = c.customer_id 
JOIN 
	order_details od 
ON od.order_id = o.order_id 
JOIN
	products p
ON p.product_id=od.product_id 
GROUP BY c.customer_id ,c.customer_name,c.city
)
SELECT 
	s.customer_name ,
	s.total_spending 
FROM 
 	spend_cte s
WHERE s.total_spending >ALL(
        SELECT
       		s.total_spending
		FROM 
			spend_cte s
		WHERE s.city = 'Delhi'
		
);

--q11)Show running total revenue over time based on order date.
WITH time_cte AS(
SELECT
	o.order_date ,
	SUM(p.price * od.quantity)  AS daily_revenue
FROM 
	orders o
JOIN 
	order_details od 
ON o.order_id = od.order_id 
JOIN
	products p
ON p.product_id = od.product_id
GROUP BY o.order_date
ORDER BY o.order_date ASC
)
SELECT
	t.order_date ,
	t.daily_revenue,
	SUM(t.daily_revenue) OVER (ORDER BY t.order_date ) AS running_revenue
FROM 
	time_cte t;

--q12)Find products that were never ordered.       ********************
SELECT 
    p.product_name
FROM 
	products p
WHERE NOT EXISTS (
		SELECT 1
		FROM 
		     order_details od 
		WHERE p.product_id = od.product_id 
);

--q13)Find customers whose average order value is greater than the overall average order value.
WITH total_cte AS (
SELECT 
	c.customer_id ,
	c.customer_name ,
	(SUM(od.quantity*p.price)/count(DISTINCT(od.order_id)))::DECIMAL(10,2) AS avg_order_value
FROM 	
	customers c
JOIN 
	orders o
ON c.customer_id = o.customer_id 
JOIN 
	order_details od
ON od.order_id = o.order_id 
JOIN 
	products p
ON p.product_id = od.product_id 
GROUP BY c.customer_name,c.customer_id
)
SELECT
 	t.customer_name,
	t.avg_order_value
FROM
 total_cte t
 WHERE t.avg_order_value >(
		SELECT 
				AVG(t.avg_order_value)
		FROM
			total_cte t
);

--q14)For each category, find the highest revenue-generating product.
WITH max_revenue AS(
SELECT 
	p.product_id,
 	p.category,
	p.product_name,
	SUM(od.quantity*p.price)AS revenue,
	DENSE_RANK() OVER(PARTITION BY p.category ORDER BY (SUM(od.quantity*p.price)) DESC) AS ranking
FROM 
	order_details od 
JOIN
	products p
ON p.product_id = od.product_id
GROUP BY p.product_id,p.product_name,p.category
) 
SELECT
	m.category,
	m.product_name,
	m.revenue
FROM
	max_revenue m
WHERE m.ranking =1 
ORDER BY m.revenue DESC;

--q15)Find customers who placed an order after their first order date.
SELECT
	 c.customer_id ,
      c.customer_name
	  
FROM
	customers c
JOIN
	orders o
ON o.customer_id = c.customer_id
WHERE o.order_date >(
		SELECT
			MIN(o2.order_date)
		FROM
			orders o2
		WHERE o2.customer_id = c.customer_id 
) 
GROUP BY c.customer_id ,c.customer_name;

--q16)Find products whose revenue is greater than the average revenue of all products.
WITH avg_cte AS(
SELECT
	p.product_id ,
	p.product_name ,   
	SUM(od.quantity * p.price) AS revenue 
FROM
   products p
JOIN
   order_details od
ON od.product_id = p.product_id
GROUP BY p.product_id,p.product_name
)
SELECT
	a.product_name,
	a.revenue
FROM
	avg_cte a
WHERE a.revenue >(
			SELECT 
					AVG(a.revenue) 
			FROM
				avg_cte a 
)


--q17)Find customers who purchased the same product more than once.
SELECT
	  c.customer_id,
      c.customer_name ,
	  p.product_name ,
	  SUM(od.quantity) AS total_quantity
FROM 
	customers c
JOIN 
	orders o
ON o.customer_id = c.customer_id 
JOIN
	order_details od
ON od.order_id = o.order_id 
JOIN 
	products p
ON p.product_id = od.product_id
GROUP BY c.customer_id ,c.customer_name,p.product_name 
HAVING SUM(od.quantity)>1;

--q18)For each customer, rank their orders based on order value.
SELECT
		c.customer_name,
		o.order_id,
		SUM(p.price*od.quantity)  AS order_value,
		DENSE_RANK() OVER (PARTITION BY c.customer_id,c.customer_name ORDER BY(SUM(p.price*od.quantity)) DESC)AS ranking
		
FROM 
	customers c
JOIN 
	orders o
ON o.customer_id = c.customer_id 
JOIN
	order_details od
ON od.order_id = o.order_id 
JOIN 
	products p
ON p.product_id = od.product_id
GROUP BY c.customer_id ,c.customer_name,o.order_id;


